Month,L,M,S
0,0.3809,3.2322,0.14171
1,0.1714,4.1873,0.13724
2,0.0962,5.1282,0.13472
3,0.0402,5.8458,0.13395
4,0.0030,6.4237,0.13452
5,-0.0263,6.8985,0.13522
6,-0.0509,7.2970,0.13594
12,-0.1040,8.7500,0.13700
24,-0.2000,11.5000,0.14000
36,-0.2500,13.0000,0.14500
48,-0.3000,14.0000,0.15000
